Name,Last_Name,Date
,,1997-03-17
,,1999-07-27
,,2008-07-13
,,1978-06-25
,,2012-04-13
,,2003-02-16
,,2004-03-04
,,1981-08-02
,,2010-03-22
,,2003-05-17
,,2010-07-16
,,1998-07-21
,,2012-01-20
,,2010-09-24
,,2014-04-02
,,2001-01-27
,,1974-11-27
,,2011-07-01
,,1996-02-09
,,1981-09-11
,,1972-10-07
,,1978-09-14
,,1994-06-13
,,2006-05-13
,,2001-12-06
,,2018-03-17
,,2012-11-06
,,1982-12-01
,,1995-07-25
,,2009-10-27
,,2003-03-21
,,2002-12-02
,,2013-04-26
,,2008-08-07
,,1990-04-13
,,1971-06-19
,,1973-11-06
,,1985-08-05
,,1998-05-21
,,1988-01-24
,,2006-03-02
,,1999-02-16
,,1997-09-27
,,1996-10-25
,,1998-04-16
,,2010-01-09
,,1992-02-25
,,1982-11-08
,,1998-06-14
,,1986-10-11
,,1994-10-11
,,1979-12-24
,,1972-12-12
,,1981-12-08
,,2012-07-13
,,1975-04-01
,,2003-02-06
,,2008-03-22
,,1987-04-21
,,1983-08-18
,,1999-11-13
,,1980-02-28
,,2003-09-08
,,2013-04-18
,,2006-06-15
,,2014-07-17
,,1988-05-27
,,1984-09-12
,,1981-03-06
,,1980-09-18
,,1984-10-20
,,1987-07-16
,,2007-10-05
,,1978-03-09
,,1978-05-21
,,2010-10-20
,,2016-03-24
,,2014-03-26
,,1996-05-05
,,1990-11-07
,,1977-07-19
,,2006-11-11
,,2014-01-11
,,2019-06-24
,,2016-06-06
,,1998-01-21
,,1995-03-27
,,1988-11-18
,,1976-04-02
,,1984-04-08
,,1982-12-09
,,1987-01-09
,,2002-01-10
,,1974-04-12
,,1984-12-01
,,1979-06-07
,,1997-05-25
,,1970-07-20
,,1980-07-19
,,2016-02-18
,,2003-04-27
,,2011-12-28
,,2015-05-12
,,1992-01-19
,,1972-03-26
,,2001-11-06
,,1986-10-04
,,1981-08-13
,,1973-09-08
,,2017-09-14
,,2002-12-21
,,1997-05-26
,,1970-08-12
,,1994-11-04
,,1973-03-02
,,2010-06-05
,,2011-07-21
,,1985-05-14
,,1974-07-14
,,1982-07-16
,,1992-05-10
,,1984-08-20
,,1974-04-26
,,2018-04-19
,,2019-02-18
,,2010-01-26
,,1971-01-23
,,1994-02-02
,,1992-01-27
,,1981-03-16
,,1971-01-16
,,2004-05-24
,,1981-05-01
,,1974-10-13
,,2013-04-08
,,1985-08-07
,,2017-10-07
,,1975-09-25
,,1987-08-23
,,1994-10-18
,,2010-06-14
,,1971-02-17
,,2019-11-04
,,2017-08-07
,,2012-08-05
,,2016-10-10
,,1977-02-26
,,2006-07-04
,,2003-05-20
,,1979-12-20
,,1993-05-08
,,2015-05-06
,,2005-11-16
,,1988-03-23
,,1999-02-28
,,1976-12-18
,,1973-03-24
,,1970-06-18
,,1999-08-23
,,2011-04-21
,,1991-05-11
,,1972-09-21
,,1977-09-22
,,1976-07-02
,,1976-07-14
,,1993-12-20
,,1975-09-27
,,2006-11-02
,,2007-04-10
,,2000-05-22
,,2019-06-04
,,1973-07-18
